{"models":{"barrel":{"scale":[7.04041558791565,7.04041558791565,7.04041558791565]},"Fence":{"scale":[7.036403121230936,7.036403121230936,7.036403121230936]}}}