{"models":{"barrel":{"scale":[7.04041558791565,7.04041558791565,7.04041558791565]},"Fence":{"scale":[7.036403121230936,7.036403121230936,7.036403121230936]},"barrel_small":{"scale":[9.20984205483717,9.20984205483717,9.20984205483717]},"House":{"scale":[1,1,1]},"keg":{"scale":[10.432079721705481,10.432079721705481,10.432079721705481]},"Shroom1":{"scale":[22.935784506132226,22.935784506132226,22.935784506132226]},"SM_Env_RicePlant_02":{"scale":[7.32465025324488,7.32465025324488,7.32465025324488]},"SM_Env_RicePlant_01":{"scale":[13.0771021591412,13.0771021591412,13.0771021591412]},"Shroom4":{"scale":[23.718262669134052,23.718262669134052,23.718262669134052]},"Shroom2":{"scale":[37.20168757317485,37.20168757317485,37.20168757317485]},"Shroom3":{"scale":[36.7787429343392,36.7787429343392,36.7787429343392]},"Rock_Moss_3":{"scale":[18.532083815914703,18.532083815914703,18.532083815914703]}},"vegetation":{"SM_Env_Bush_04":{"scale":[6.1036252404806115,6.1036252404806115,6.1036252404806115]},"SM_Env_Bush_03":{"scale":[6.785853662632208,6.785853662632208,6.785853662632208]},"SM_Env_Plant_01":{"scale":[7.570078775021493,7.570078775021493,7.570078775021493]},"SM_Env_Bush_01":{"scale":[5.1771705817689435,5.1771705817689435,5.1771705817689435]},"SM_Env_Flowers_01":{"scale":[16.161825825490055,16.161825825490055,16.161825825490055]},"SM_Env_Flower_07":{"scale":[1.395350520135079,1.395350520135079,1.395350520135079]},"SM_Env_Flowers_02":{"scale":[9.131382930952954,9.131382930952954,9.131382930952954]}}}