{"levelData":{"daa03948-08b9-4058-9417-14dacace3fe7":{"model":"Bulliten","scale":15,"position":[57.657346699477884,0.5000000000000071,49.638179854576464],"rotation":[-6.123233995736766e-17,-1,-6.123233995736766e-17,-6.123233995736766e-17],"map":"farm"},"fc69fa5e-c296-44cb-94cc-4ddf62f20d25":{"model":"StoneOven","scale":15,"position":[110.64379181214287,1.7911408264632165,43.043972314866494],"rotation":[-6.123233995736766e-17,-1,-6.123233995736766e-17,-6.123233995736766e-17],"map":"farm"},"6dcb9383-834a-4e6c-8222-e8ee29fda216":{"model":"Stove1","scale":15,"position":[129.8428291021263,0.4999999999999929,30.911967723425036],"rotation":[0,0,0,1],"map":"farm"}},"colliderData":{"StoneOven":{"type":1,"sensor":false,"offset":[0.356208187857135,10.459920260030838,1.048055132720151],"size":[17.875141143798828,21.316261291503906,13.627822875976562]},"Stove1":{"type":1,"sensor":false,"offset":[-0.01761423980701693,2.6221989854323238,0.09757431435004804],"size":[7.065228462219238,5.705711841583252,6.8001424501815]},"Bulliten":{"type":1,"sensor":false,"offset":[-0.6573466994778828,8.306650186985657,1.5593823900893906],"size":[19.630645751953125,16.640995025634766,1.9818450944911348]}}}